Compiler,Issue#
LLVM,173921
LLVM,173919
LLVM,173917
LLVM,173916
LLVM,173911
LLVM,173910
LLVM,173909
LLVM,173907
LLVM,173906
LLVM,173904
LLVM,173903
LLVM,173900
LLVM,173899
LLVM,173891
LLVM,173890
LLVM,173884
LLVM,173875
LLVM,173688
LLVM,173684
LLVM,173679
LLVM,173675
LLVM,173674
LLVM,173673
LLVM,173672
LLVM,173619
LLVM,173616
LLVM,173615
LLVM,173609
LLVM,173608
LLVM,173607
LLVM,173597
LLVM,173595
LLVM,170073
LLVM,170072
LLVM,170062
LLVM,165465
LLVM,165463
LLVM,165462
LLVM,165458
GCC,123720
GCC,123717
GCC,123713
GCC,123712
GCC,123710
GCC,123708
GCC,123703
GCC,123473
GCC,123467
GCC,123466
GCC,123465
GCC,123463
GCC,123437
GCC,123435
GCC,123429
GCC,123425
GCC,123424